Ticker,Name,"GICS Ind Name
","GICS Ind
","Price:M-1
","Price (I)
","Market Cap
"
ONT AT Equity,1300SMILES Ltd,Health Care Providers & Services,351020,6.260000229,6.110000134,144674928
TGP AT Equity,360 Capital Group Ltd,Capital Markets,402030,0.785000026,0.855000019,196241856
TOT AT Equity,360 Capital REIT,Mortgage Real Estate Investment Trusts (REITs),402040,0.88499999,0.870000005,120756248
A2M AT Equity,a2 Milk Co Ltd/The,Food Products,302020,17.01000023,14.05000019,10433375232
A2B AT Equity,A2B Australia Ltd,Road & Rail,203040,0.894999981,1.090000033,131269448
ABP AT Equity,Abacus Property Group,Equity Real Estate Investment Trusts (REITs),601010,2.779999971,2.910000086,1937203456
AX1 AT Equity,Accent Group Ltd,Specialty Retail,255040,1.590000033,1.644999981,891370752
ADH AT Equity,Adairs Ltd,Specialty Retail,255040,3.480000019,3.25,549500480
ABC AT Equity,Adbri Ltd,Construction Materials,151020,2.549999952,2.849999905,1858959104
ADT AT Equity,Adriatic Metals PLC,Metals & Mining,151040,2.390000105,2.309999943,422593664
ANO AT Equity,Advance Zinctek Ltd,Chemicals,151010,3.50999999,3.210000038,191351360
AMX AT Equity,Aerometrex Ltd,Professional Services,202020,1.399999976,1.144999981,108088000
APT AT Equity,Afterpay Ltd,IT Services,451020,91.44000244,79.98999786,22740154368
AGL AT Equity,AGL Energy Ltd,Multi-Utilities,551030,14.80000019,13.61999989,8485720064
AGI AT Equity,Ainsworth Game Technology Ltd,"Hotels, Restaurants & Leisure",253010,0.379999995,0.330000013,111142000
AIZ AT Equity,Air New Zealand Ltd,Airlines,203020,1.279999971,1.254999995,1409126656
ALC AT Equity,Alcidion Group Ltd,Health Care Technology,351030,0.140000001,0.140000001,138697168
LEP AT Equity,ALE Property Group,Equity Real Estate Investment Trusts (REITs),601010,5.010000229,4.340000153,858493824
ALK AT Equity,Alkane Resources Ltd,Metals & Mining,151040,1.129999995,1.409999967,839498176
AQZ AT Equity,Alliance Aviation Services Ltd,Airlines,203020,3.680000067,3.50999999,563222720
AKE AT Equity,Allkem Ltd,Metals & Mining,151040,2.599999905,2.480000019,811303744
ALQ AT Equity,ALS Ltd,Professional Services,202020,8.729999542,9.210000038,4443141120
ALU AT Equity,Altium Ltd,Software,451030,36.54000092,35.91999817,4704290816
AWC AT Equity,Alumina Ltd,Metals & Mining,151040,1.570000052,1.375,3989811968
AMA AT Equity,AMA Group Ltd,Commercial Services & Supplies,202010,0.629999995,0.63499999,466028736
AMC AT Equity,Amcor PLC,Containers & Packaging,151030,15.14999962,15.32999992,24044822528
AMP AT Equity,AMP Ltd,Diversified Financial Services,402010,1.529999971,1.304999948,4484762112
ALD AT Equity,Ampol Ltd,"Oil, Gas & Consumable Fuels",101020,26.02000046,23.95000076,5980481536
AGG AT Equity,AngloGold Ashanti Ltd,Metals & Mining,151040,8.18999958,7.400000095,15481542656
ANN AT Equity,Ansell Ltd,Health Care Equipment & Supplies,351010,38.68000031,37.09999847,4768364544
APA AT Equity,APA Group,Gas Utilities,551020,10.43000031,10.32999992,12188303360
APD AT Equity,APN Property Group Ltd,Equity Real Estate Investment Trusts (REITs),601010,0.535000026,0.540000021,178095088
APX AT Equity,Appen Ltd,IT Services,451020,34.70999908,34.08000183,4146036480
ARB AT Equity,ARB Corp Ltd,Auto Components,251010,26.31999969,27.64999962,2207313920
ALG AT Equity,Ardent Leisure Group Ltd,"Hotels, Restaurants & Leisure",253010,0.425000012,0.560000002,268635360
ARF AT Equity,Arena REIT,Equity Real Estate Investment Trusts (REITs),601010,2.569999933,2.720000029,927627008
ALL AT Equity,Aristocrat Leisure Ltd,"Hotels, Restaurants & Leisure",253010,28.37000084,29.96999931,19137167360
AHY AT Equity,Asaleo Care Ltd,Personal Products,303020,1.095000029,1.004999995,545838080
ASX AT Equity,ASX Ltd,Capital Markets,402030,87.33999634,81.01999664,15685080064
ALX AT Equity,Atlas Arteria Ltd,Transportation Infrastructure,203050,6.5,6.070000172,5821240832
AT1 AT Equity,Atomo Diagnostics Ltd,Health Care Equipment & Supplies,351010,0.419999987,0.375,210880432
AMS AT Equity,Atomos Ltd,Household Durables,252010,0.524999976,0.649999976,142003840
ATU AT Equity,Atrum Coal Ltd,Metals & Mining,151040,0.234999999,0.289999992,166550000
AUB AT Equity,AUB Group Ltd,Insurance,403010,15.80000019,16.60000038,1232999936
AIA AT Equity,Auckland International Airport Ltd,Transportation Infrastructure,203050,6.090000153,6.710000038,9880817664
AD8 AT Equity,Audinate Group Ltd,"Electronic Equipment, Instruments & Components",452030,5.25,5.78000021,439655552
AKP AT Equity,Audio Pixels Holdings Ltd,Household Durables,252010,22.45000076,22.07999992,633666496
AMI AT Equity,Aurelia Metals Ltd,Metals & Mining,151040,0.535000026,0.5,436991904
AZJ AT Equity,Aurizon Holdings Ltd,Road & Rail,203040,4.349999905,4.25,8137231872
AST AT Equity,AusNet Services Ltd,Electric Utilities,551010,1.825000048,1.879999995,7055731712
ASB AT Equity,Austal Ltd,Aerospace & Defense,201010,3.539999962,3.279999971,1179350400
ANZ AT Equity,Australia & New Zealand Banking Group Ltd,Banks,401010,18.28000069,17.21999931,48838975488
AAC AT Equity,Australian Agricultural Co Ltd,Food Products,302020,1.044999957,1.080000043,650988096
AEF AT Equity,Australian Ethical Investment Ltd,Capital Markets,402030,4.769999981,4.460000038,501246624
AFG AT Equity,Australian Finance Group Ltd,Thrifts & Mortgage Finance,401020,1.850000024,2.130000114,571654528
API AT Equity,Australian Pharmaceutical Industries Ltd,Health Care Providers & Services,351020,1.085000038,1.049999952,517288832
AOF AT Equity,Australian Unity Office Fund,Equity Real Estate Investment Trusts (REITs),601010,2.130000114,2.089999914,340318784
ABA AT Equity,Auswide Bank Ltd,Thrifts & Mortgage Finance,401020,5.239999771,4.829999924,205623184
ASG AT Equity,Autosports Group Ltd,Specialty Retail,255040,1.299999952,1.309999943,263310000
AVN AT Equity,Aventus Group,Equity Real Estate Investment Trusts (REITs),601010,2.380000114,2.359999895,1316786688
AVH AT Equity,Avita Medical Inc,Biotechnology,352010,7.019999981,6.900000095,740642944
AVJ AT Equity,AVJennings Ltd,Household Durables,252010,0.49000001,0.535000026,217333440
AVZ AT Equity,AVZ Minerals Ltd,Metals & Mining,151040,0.059999999,0.061999999,175986912
BBN AT Equity,Baby Bunting Group Ltd,Specialty Retail,255040,4.460000038,4.5,574040128
BOQ AT Equity,Bank of Queensland Ltd,Banks,401010,6.130000114,5.730000019,2603341824
BAP AT Equity,Bapcor Ltd,Distributors,255010,6.980000019,6.789999962,2304610816
BSE AT Equity,Base Resources Ltd,Metals & Mining,151040,0.280000001,0.25,294502976
BRL AT Equity,Bathurst Resources Ltd,Metals & Mining,151040,0.048999999,0.039000001,66671256
BPT AT Equity,Beach Energy Ltd,"Oil, Gas & Consumable Fuels",101020,1.519999981,1.320000052,3011360512
BLX AT Equity,Beacon Lighting Group Ltd,Specialty Retail,255040,1.264999986,1.330000043,297017472
BGA AT Equity,Bega Cheese Ltd,Food Products,302020,5.269999981,5.070000172,1090104064
BFG AT Equity,Bell Financial Group Ltd,Capital Markets,402030,1.164999962,1.274999976,408948544
BGL AT Equity,Bellevue Gold Ltd,Metals & Mining,151040,1.029999971,1.024999976,860894912
BEN AT Equity,Bendigo & Adelaide Bank Ltd,Banks,401010,6.539999962,6.039999962,3205906432
BHP AT Equity,BHP Group Ltd,Metals & Mining,151040,37.90999985,35.59999847,1.67761E+11
BTH AT Equity,Bigtincan Holdings Ltd,Software,451030,1.200000048,1.340000033,507041408
BIN AT Equity,Bingo Industries Ltd,Commercial Services & Supplies,202010,2.230000019,2.420000076,1582636800
BKL AT Equity,Blackmores Ltd,Personal Products,303020,63.06999969,63.06999969,1220260352
BSL AT Equity,BlueScope Steel Ltd,Metals & Mining,151040,12.68999958,12.69999981,6398034432
BLD AT Equity,Boral Ltd,Construction Materials,151020,4.010000229,4.559999943,5588981248
BXB AT Equity,Brambles Ltd,Commercial Services & Supplies,202010,11.09000015,10.48999977,15744022528
BVS AT Equity,Bravura Solutions Ltd,Software,451030,3.670000076,3.400000095,840361088
BRG AT Equity,Breville Group Ltd,Household Durables,252010,27.12999916,25.17000008,3447466752
BKW AT Equity,Brickworks Ltd,Construction Materials,151020,17.95999908,19.40999985,2910288640
BSADA AT Equity,BSA Ltd,Commercial Services & Supplies,202010,0.289999992,0.289999992,125574768
BUB AT Equity,Bubs Australia Ltd,Food Products,302020,0.915000021,0.74000001,449937600
BWP AT Equity,BWP Trust,Equity Real Estate Investment Trusts (REITs),601010,4.059999943,4.039999962,2595230464
BWX AT Equity,BWX Ltd,Personal Products,303020,5.050000191,4.400000095,613993600
BYE AT Equity,Byron Energy Ltd,"Oil, Gas & Consumable Fuels",101020,0.284999996,0.165000007,171648688
CAJ AT Equity,Capitol Health Ltd,Health Care Providers & Services,351020,0.25999999,0.245000005,250904448
CMM AT Equity,Capricorn Metals Ltd,Metals & Mining,151040,2,1.840000033,632692864
CBR AT Equity,Carbon Revolution Ltd,Auto Components,251010,1.700000048,2.74000001,399728640
CDV AT Equity,Cardinal Resources Ltd,Metals & Mining,151040,0.725000024,1.049999952,557865472
CDD AT Equity,Cardno Ltd,Commercial Services & Supplies,202010,0.305000007,0.289999992,129635176
CDP AT Equity,Carindale Property Trust,Equity Real Estate Investment Trusts (REITs),601010,2.75999999,3.74000001,261800000
CVN AT Equity,Carnarvon Energy Ltd,"Oil, Gas & Consumable Fuels",101020,0.194999993,0.209999993,328519776
CAR AT Equity,carsales.com Ltd,Interactive Media & Services,502030,20.79000092,20.67000008,5086782464
CYL AT Equity,Catalyst Metals Ltd,Metals & Mining,151040,2.440000057,2.5,205999248
CAT AT Equity,Catapult Group International Ltd,"Electronic Equipment, Instruments & Components",452030,2.24000001,2.089999914,398970784
CWP AT Equity,Cedar Woods Properties Ltd,Real Estate Management & Development,601020,5.309999943,5.75,462766912
CNI AT Equity,Centuria Capital Group,Equity Real Estate Investment Trusts (REITs),601010,1.980000019,2.230000019,1197175296
CIP AT Equity,Centuria Industrial REIT,Equity Real Estate Investment Trusts (REITs),601010,3.119999886,3.109999895,1583385472
COF AT Equity,Centuria Office REIT,Equity Real Estate Investment Trusts (REITs),601010,2.029999971,2.039999962,1049626496
CHN AT Equity,Chalice Mining Ltd,Metals & Mining,151040,1.590000033,2.609999895,802586688
CGF AT Equity,Challenger Ltd,Diversified Financial Services,402010,4.079999924,3.829999924,2587604480
CIA AT Equity,Champion Iron Ltd,Metals & Mining,151040,3.079999924,2.900000095,1372113152
CHC AT Equity,Charter Hall Group,Equity Real Estate Investment Trusts (REITs),601010,12.51000023,12.43000031,5789609984
CLW AT Equity,Charter Hall Long Wale REIT,Equity Real Estate Investment Trusts (REITs),601010,4.949999809,5.019999981,2523186432
CQR AT Equity,Charter Hall Retail REIT,Equity Real Estate Investment Trusts (REITs),601010,3.430000067,3.359999895,1918375168
CQE AT Equity,Charter Hall Social Infrastructure REIT,Equity Real Estate Investment Trusts (REITs),601010,2.730000019,2.829999924,1019850944
CNU AT Equity,Chorus Ltd,Diversified Telecommunication Services,501010,7.699999809,7.920000076,3520373248
CIM AT Equity,CIMIC Group Ltd,Construction & Engineering,201030,21.17000008,18.54999924,5871555584
CGL AT Equity,Citadel Group Pty Ltd/The,IT Services,451020,4.460000038,5.579999924,439202048
CCX AT Equity,City Chic Collective Ltd,Specialty Retail,255040,3.269999981,2.910000086,690655680
CL1 AT Equity,Class Ltd,Software,451030,1.850000024,2,247517664
CWY AT Equity,Cleanaway Waste Management Ltd,Commercial Services & Supplies,202010,2.579999924,2.089999914,4297713152
CVW AT Equity,ClearView Wealth Ltd/Australia,Diversified Financial Services,402010,0.335000008,0.340000004,229429632
CUV AT Equity,Clinuvel Pharmaceuticals Ltd,Biotechnology,352010,20.79000092,23.30999947,1151755008
CLV AT Equity,Clover Corp Ltd,Chemicals,151010,2.170000076,2.039999962,339272608
CCL AT Equity,Coca-Cola Europacific Partners API Pty Ltd,Beverages,302010,9.100000381,9.5,6877997056
COH AT Equity,Cochlear Ltd,Health Care Equipment & Supplies,351010,192.1499939,198,13015359488
CDA AT Equity,Codan Ltd/Australia,"Electronic Equipment, Instruments & Components",452030,10.78999996,11.03999996,1992786816
COL AT Equity,Coles Group Ltd,Food & Staples Retailing,301010,17.72999954,17,22676805632
CKF AT Equity,Collins Foods Ltd,"Hotels, Restaurants & Leisure",253010,10.40999985,10.27000046,1197289344
CBA AT Equity,Commonwealth Bank of Australia,Banks,401010,68.27999878,63.61000061,1.12605E+11
CPU AT Equity,Computershare Ltd,IT Services,451020,13.28999996,12.22000027,6609548800
CEN AT Equity,Contact Energy Ltd,Electric Utilities,551010,5.710000038,6.150000095,4416510976
COE AT Equity,Cooper Energy Ltd,"Oil, Gas & Consumable Fuels",101020,0.330000013,0.349999994,569326592
CRN AT Equity,Coronado Global Resources Inc,Metals & Mining,151040,0.620000005,0.954999983,1321604352
CTD AT Equity,Corporate Travel Management Ltd,"Hotels, Restaurants & Leisure",253010,15.53286171,17.22999954,1969602560
CGC AT Equity,Costa Group Holdings Ltd,Food Products,302020,3.460000038,3.359999895,1346790144
CCP AT Equity,Credit Corp Group Ltd,Consumer Finance,402020,18.92000008,16.94000053,1140329088
CMW AT Equity,Cromwell Property Group,Equity Real Estate Investment Trusts (REITs),601010,0.899999976,0.850000024,2221483264
CWN AT Equity,Crown Resorts Ltd,"Hotels, Restaurants & Leisure",253010,9.010000229,8.789999962,5952221184
CSL AT Equity,CSL Ltd,Biotechnology,352010,286.0100098,287,1.30574E+11
CSR AT Equity,CSR Ltd,Construction Materials,151020,3.660000086,4.269999981,2072584448
CVC AT Equity,CVC Ltd,Capital Markets,402030,1.5,1.700000048,198934880
DCN AT Equity,Dacian Gold Ltd,Metals & Mining,151040,0.335000008,0.340000004,189212912
DTC AT Equity,Damstra Holdings Pty Ltd,Software,451030,1.769999981,1.980000019,276175488
DNK AT Equity,Danakali Ltd,Chemicals,151010,0.455000013,0.405000001,129090232
DTL AT Equity,Data#3 Ltd,IT Services,451020,6.260000229,6.559999943,1010075648
DEG AT Equity,De Grey Mining Ltd,Metals & Mining,151040,1.149999976,1.215000033,1548396032
1901467D AT Equity,Dexus,Equity Real Estate Investment Trusts (REITs),601010,8.829999924,8.890000343,9700787200
DXC AT Equity,Dexus Convenience Retail REIT,Equity Real Estate Investment Trusts (REITs),601010,3.779999971,3.849999905,435322592
DXI AT Equity,Dexus Industria REIT,Equity Real Estate Investment Trusts (REITs),601010,2.470000029,2.670000076,527393120
DDR AT Equity,Dicker Data Ltd,"Electronic Equipment, Instruments & Components",452030,7.46999979,7.659999847,1318206464
DHG AT Equity,Domain Holdings Australia Ltd,Interactive Media & Services,502030,3.720000029,3.700000048,2161775616
DMP AT Equity,Domino's Pizza Enterprises Ltd,"Hotels, Restaurants & Leisure",253010,80.75,79.22000122,6854381056
DOW AT Equity,Downer EDI Ltd,Commercial Services & Supplies,202010,4.489999771,4.400000095,3085686272
DUB AT Equity,Dubber Corp Ltd,Software,451030,1.235000014,1.039999962,216529728
D2O AT Equity,Duxton Water Ltd/LIC,Water Utilities,551040,1.330000043,1.325000048,--
EP1 AT Equity,E&P Financial Group Ltd,Capital Markets,402030,0.540000021,0.504999995,118490152
APE AT Equity,Eagers Automotive Ltd,Specialty Retail,255040,8.920000076,9.149999619,2350937856
EBO AT Equity,EBOS Group Ltd,Health Care Providers & Services,351020,21,22.67000008,3692538368
ECX AT Equity,Eclipx Group Ltd,Consumer Finance,402020,1.49000001,1.539999962,492240512
EOF AT Equity,Ecofibre Ltd,Pharmaceuticals,352020,2.589999914,2.5,848424640
ECF AT Equity,Elanor Commercial Property Fund,Equity Real Estate Investment Trusts (REITs),601010,1.014999986,1.039999962,212576000
ENN AT Equity,Elanor Investor Group,"Hotels, Restaurants & Leisure",253010,1.144999981,1.144999981,136918336
ERF AT Equity,Elanor Retail Property Fund,Equity Real Estate Investment Trusts (REITs),601010,0.839999974,0.839999974,108132992
ELD AT Equity,Elders Ltd,Food Products,302020,10.03999996,10.85000038,1689927936
EOS AT Equity,Electro Optic Systems Holdings Ltd,Aerospace & Defense,201010,5.570000172,5.449999809,814389312
ELO AT Equity,Elmo Software Ltd,Software,451030,5.75,5.28000021,452289792
EHL AT Equity,Emeco Holdings Ltd,Trading Companies & Distributors,201070,0.879999995,0.839999974,457006304
EMR AT Equity,Emerald Resources NL,Metals & Mining,151040,0.649999976,0.595000029,306518400
EML AT Equity,EML Payments Ltd,IT Services,451020,3.410000086,2.849999905,1030524800
ERA AT Equity,Energy Resources of Australia Ltd,"Oil, Gas & Consumable Fuels",101020,0.174999997,0.150000006,553707456
ETM AT Equity,Energy Transition Minerals Ltd,Metals & Mining,151040,0.230000004,0.25999999,311031936
EGG AT Equity,Enero Group Ltd,Media,502010,1.595000029,1.549999952,134316048
EGN AT Equity,Engenco Ltd,Machinery,201060,0.50999999,0.529999971,166149184
EVS AT Equity,EnviroSuite Ltd,Software,451030,0.170000002,0.155000001,158826320
EQT AT Equity,EQT Holdings Ltd,Capital Markets,402030,28,27.10000038,564582144
EHE AT Equity,Estia Health Ltd,Health Care Providers & Services,351020,1.559999943,1.455000043,380184192
EZL AT Equity,Euroz Hartleys Group Ltd,Capital Markets,402030,1.164999962,1.139999986,185270800
EVN AT Equity,Evolution Mining Ltd,Metals & Mining,151040,5.550000191,5.75,9824526336
EVT AT Equity,EVT Ltd,Entertainment,502020,8.31000042,9.640000343,1553924864
FAR AT Equity,FAR Ltd,"Oil, Gas & Consumable Fuels",101020,0.012,0.011,109767136
FID AT Equity,Fiducian Group Ltd,Capital Markets,402030,5.550000191,5.599999905,176078688
FRI AT Equity,Finbar Group Ltd,Real Estate Management & Development,601020,0.649999976,0.625,170076960
FCL AT Equity,Fineos Corp Ltd,Software,451030,5.25,4.900000095,1454889600
FPH AT Equity,Fisher & Paykel Healthcare Corp Ltd,Health Care Equipment & Supplies,351010,33.54000092,30.55999947,17606336512
FWD AT Equity,Fleetwood Ltd,Household Durables,252010,1.855000019,1.74000001,164623232
FBU AT Equity,Fletcher Building Ltd,Building Products,201020,3.25999999,3.559999943,2934352896
FLT AT Equity,Flight Centre Travel Group Ltd,"Hotels, Restaurants & Leisure",253010,13.22999954,13.77000046,2741113088
FMS AT Equity,Flinders Mines Ltd,Metals & Mining,151040,0.050999999,0.048,202616928
FLC AT Equity,Fluence Corp Ltd,Machinery,201060,0.219999999,0.224999994,140592160
FMG AT Equity,Fortescue Metals Group Ltd,Metals & Mining,151040,17.42000008,16.29999924,50187128832
FLN AT Equity,Freelancer Ltd,Professional Services,202020,0.50999999,0.474999994,215215456
FDV AT Equity,Frontier Digital Ventures Ltd,Interactive Media & Services,502030,1.049999952,1.304999948,343967872
FSA AT Equity,FSA Group Ltd,Consumer Finance,402020,1.00999999,1,124761680
GEM AT Equity,G8 Education Ltd,Diversified Consumer Services,253020,1.029999971,0.964999974,807411648
GXY AT Equity,Galaxy Resources Pty Ltd,Metals & Mining,151040,1.235000014,1.13499999,464759040
GLL AT Equity,Galilee Energy Ltd,"Oil, Gas & Consumable Fuels",101020,0.610000014,0.769999981,209017296
GDF AT Equity,Garda Property Group,Equity Real Estate Investment Trusts (REITs),601010,1.039999962,1.049999952,194624176
GDI AT Equity,GDI Property Group Partnership,Equity Real Estate Investment Trusts (REITs),601010,1.075000048,1.049999952,569724224
GNE AT Equity,Genesis Energy Ltd,Electric Utilities,551010,2.75,2.720000029,2838506752
GSS AT Equity,Genetic Signatures Ltd,Life Sciences Tools & Services,352030,2.279999971,1.710000038,243958848
GOR AT Equity,Gold Road Resources Ltd,Metals & Mining,151040,1.559999943,1.455000043,1280290560
GMG AT Equity,Goodman Group,Equity Real Estate Investment Trusts (REITs),601010,18.30999947,17.94000053,33142880256
GPT AT Equity,GPT Group/The,Equity Real Estate Investment Trusts (REITs),601010,3.829999924,3.900000095,7596924416
GNC AT Equity,GrainCorp Ltd,Food & Staples Retailing,301010,4.300000191,3.779999971,865074304
GRR AT Equity,Grange Resources Ltd,Metals & Mining,151040,0.280000001,0.245000005,283547968
GOZ AT Equity,Growthpoint Properties Australia Ltd,Equity Real Estate Investment Trusts (REITs),601010,3.349999905,3.349999905,2585636096
GTN AT Equity,GTN Ltd,Media,502010,0.430000007,0.340000004,73194872
GUD AT Equity,GUD Holdings Ltd,Auto Components,251010,11.5,11.38000011,989211136
GWA AT Equity,GWA Group Ltd,Building Products,201020,2.529999971,2.779999971,733774400
HSN AT Equity,Hansen Technologies Ltd,Software,451030,4.170000076,3.880000114,771354752
HVN AT Equity,Harvey Norman Holdings Ltd,Multiline Retail,255030,4.420000076,4.53000021,5644410368
HLS AT Equity,Healius Ltd,Health Care Providers & Services,351020,3.329999924,3.589999914,2236599040
HLI AT Equity,Helia Group Ltd,Thrifts & Mortgage Finance,401020,1.50999999,1.565000057,645584704
HE8 AT Equity,Helios Energy Ltd,"Oil, Gas & Consumable Fuels",101020,0.150000006,0.174999997,270296160
HLO AT Equity,Helloworld Travel Ltd,"Hotels, Restaurants & Leisure",253010,1.950000048,1.809999943,280600384
HFR AT Equity,Highfield Resources Ltd,Chemicals,151010,0.444999993,0.560000002,184534000
1952978D AT Equity,HMC Capital Ltd,Equity Real Estate Investment Trusts (REITs),601010,3.200000048,3.380000114,869425728
HPI AT Equity,Hotel Property Investments Ltd,Equity Real Estate Investment Trusts (REITs),601010,3.150000095,3.140000105,495353024
HT1 AT Equity,HT&E Ltd,Media,502010,1.379999995,1.440000057,402974304
HUB AT Equity,HUB24 Ltd,Capital Markets,402030,16.18000031,18.5,1163927040
HUM AT Equity,Humm Group Ltd,Consumer Finance,402020,1.205000043,1.065000057,527460768
HUO AT Equity,Huon Aquaculture Group Ltd,Food Products,302020,2.849999905,2.900000095,318631584
HTA AT Equity,Hutchison Telecommunications Australia Ltd,Wireless Telecommunication Services,501020,0.135000005,0.135000005,1832288640
IEL AT Equity,IDP Education Ltd,Diversified Consumer Services,253020,20.06999969,19.01000023,5291171328
IGO AT Equity,IGO Ltd,Metals & Mining,151040,4.429999828,4.159999847,2457715712
ILU AT Equity,Iluka Resources Ltd,Metals & Mining,151040,10.14000034,9.020000458,3813382400
IMA AT Equity,Image Resources NL,Metals & Mining,151040,0.200000003,0.170000002,166559168
IMD AT Equity,Imdex Ltd,Metals & Mining,151040,1.25,1.340000033,531246208
IPL AT Equity,Incitec Pivot Ltd,Chemicals,151010,2.099999905,2.029999971,3942716928
IFM AT Equity,Infomedia Ltd,Software,451030,1.684999943,1.620000005,606621376
INA AT Equity,Ingenia Communities Group,Equity Real Estate Investment Trusts (REITs),601010,4.710000038,4.559999943,1489531392
ING AT Equity,Inghams Group Ltd,Food Products,302020,3.220000029,2.980000019,1107605248
IFL AT Equity,Insignia Financial Ltd,Capital Markets,402030,4.264304161,3.079999924,1999918976
IAG AT Equity,Insurance Australia Group Ltd,Insurance,403010,4.769999981,4.380000114,10122384384
ITG AT Equity,Intega Group Ltd,Construction & Engineering,201030,0.294999987,0.264999986,117995600
IDX AT Equity,Integral Diagnostics Ltd,Health Care Providers & Services,351020,4.46999979,4.190000057,831599488
IRI AT Equity,Integrated Research Ltd,Software,451030,4.170000076,3.539999962,608634880
IVC AT Equity,InvoCare Ltd,Diversified Consumer Services,253020,9.970000267,9.770000458,1402328704
INR AT Equity,ioneer Ltd,Metals & Mining,151040,0.100000001,0.119999997,201858896
IPH AT Equity,IPH Ltd,Professional Services,202020,6.860000134,7.159999847,1545844736
IRE AT Equity,IRESS Ltd,Software,451030,10.72000027,9.569999695,1849343744
IAP AT Equity,Irongate Property Fund I,Equity Real Estate Investment Trusts (REITs),601010,1.279999971,1.299999952,794687488
IGL AT Equity,IVE Group Ltd,Media,502010,0.850000024,0.754999995,111896504
JHX AT Equity,James Hardie Industries PLC,Construction Materials,151020,30.82999992,33.13999939,14712069120
JHG AT Equity,Janus Henderson Group PLC,Capital Markets,402030,28.62999916,29.87000084,5491684864
JHC AT Equity,Japara Healthcare Ltd,Health Care Providers & Services,351020,0.455000013,0.389999986,104226456
JBH AT Equity,JB Hi-Fi Ltd,Specialty Retail,255040,50.15999985,47.06000137,5406411264
JLG AT Equity,Johns Lyng Group Ltd,Construction & Engineering,201030,2.609999895,2.769999981,616735936
JIN AT Equity,Jumbo Interactive Ltd,"Hotels, Restaurants & Leisure",253010,13.52999973,12.5,780609472
JMS AT Equity,Jupiter Mines Ltd,Metals & Mining,151040,0.275000006,0.280000001,548517504
KSC AT Equity,K&S Corp Ltd,Air Freight & Logistics,203010,1.269999981,1.289999962,166133216
KLL AT Equity,Kalium Lakes Ltd,Chemicals,151010,0.159999996,0.140000001,117482592
KAR AT Equity,Karoon Energy Ltd,"Oil, Gas & Consumable Fuels",101020,0.790000021,0.769999981,426174272
KLS AT Equity,Kelsian Group Ltd,Road & Rail,203040,4.75,5.550000191,1212114688
KSL AT Equity,Kina Securities Ltd,Banks,401010,0.980428159,0.800000012,184838256
KMD AT Equity,KMD Brands Ltd,Specialty Retail,255040,1.149999976,1.149999976,815351616
KGN AT Equity,Kogan.com Ltd,Internet & Direct Marketing Retail,255020,20.79999924,20.18000031,2131449472
LEG AT Equity,Legend Mining Ltd,Metals & Mining,151040,0.165000007,0.144999996,388344192
LLC AT Equity,Lendlease Corp Ltd,Real Estate Management & Development,601020,11.61999989,11.02999973,7591591424
360 AT Equity,Life360 Inc,Software,451030,4.099999905,4.099999905,638280768
LIC AT Equity,Lifestyle Communities Ltd,Real Estate Management & Development,601020,9.579999924,9.829999924,1027678656
LME AT Equity,Limeade Inc,Software,451030,1.549999952,1.5,368481984
LNK AT Equity,Link Administration Holdings Ltd,IT Services,451020,4.079999924,3.730000019,1981649664
LTR AT Equity,Liontown Resources Ltd,Metals & Mining,151040,0.135000005,0.185000002,319041120
LVT AT Equity,Livetiles Ltd,Software,451030,0.230000004,0.194999993,175933664
LOV AT Equity,Lovisa Holdings Ltd,Specialty Retail,255040,7.5,8.279999733,889765888
LYL AT Equity,Lycopodium Ltd,Construction & Engineering,201030,4.380000114,4.170000076,165716736
LYC AT Equity,Lynas Rare Earths Ltd,Metals & Mining,151040,2.440000057,2.319999933,2088777088
MAF AT Equity,MA Financial Group Ltd,Capital Markets,402030,3.789999962,3.980000019,601541440
MLD AT Equity,MACA Ltd,Metals & Mining,151040,1.029999971,0.824999988,221106352
MAH AT Equity,Macmahon Holdings Ltd,Metals & Mining,151040,0.25999999,0.254999995,549521408
MQG AT Equity,Macquarie Group Ltd,Capital Markets,402030,127.6999969,119.5699997,43237007360
MAQ AT Equity,Macquarie Telecom Group Ltd,Diversified Telecommunication Services,501010,45.04000092,47.25999832,1008525632
MAD AT Equity,Mader Group Ltd,Commercial Services & Supplies,202010,0.870000005,0.805000007,161000000
MFG AT Equity,Magellan Financial Group Ltd,Capital Markets,402030,59.25,56.63999939,10392366080
MAU AT Equity,Magnetic Resources NL,Metals & Mining,151040,1.669999957,1.129999995,244160656
MYX AT Equity,Mayne Pharma Group Ltd,Pharmaceuticals,352020,0.335000008,0.389999986,654836544
MMS AT Equity,McMillan Shakespeare Ltd,Professional Services,202020,9.25,8.210000038,635298880
MCP AT Equity,McPherson's Ltd,Personal Products,303020,3.359999895,3.039999962,328160640
MPL AT Equity,Medibank Pvt Ltd,Insurance,403010,2.730000019,2.50999999,6912548352
MVP AT Equity,Medical Developments International Ltd,Pharmaceuticals,352020,5.929999828,5.28000021,346492032
MP1 AT Equity,Megaport Ltd,IT Services,451020,17.04000092,16.09000015,2482688768
MCY AT Equity,Mercury NZ Ltd,Electric Utilities,551010,5.010000229,4.710000038,6416437248
MEZ AT Equity,Meridian Energy Ltd,Independent Power and Renewable Electricity Producers,551050,4.929999828,4.579999924,11736664064
MSB AT Equity,Mesoblast Ltd,Biotechnology,352010,5.309999943,5.079999924,2979860736
MTS AT Equity,Metcash Ltd,Food & Staples Retailing,301010,2.920000076,2.75999999,2821721344
MMI AT Equity,Metro Mining Ltd,Metals & Mining,151040,0.067000002,0.059999999,83333792
MHJ AT Equity,Michael Hill International Ltd,Specialty Retail,255040,0.354999989,0.414999992,160954848
MCR AT Equity,Mincor Resources NL,Metals & Mining,151040,0.75,0.850000024,366622016
MIN AT Equity,Mineral Resources Ltd,Metals & Mining,151040,29.18000031,24.90999985,4697963520
MGR AT Equity,Mirvac Group,Equity Real Estate Investment Trusts (REITs),601010,2.109999895,2.180000067,8583873024
MND AT Equity,Monadelphous Group Ltd,Construction & Engineering,201030,11.28999996,10.14000034,959664576
MVF AT Equity,Monash IVF Group Ltd,Health Care Providers & Services,351020,0.63499999,0.644999981,251314464
MNY AT Equity,Money3 Corp Ltd,Consumer Finance,402020,2.160000086,2.089999914,387245856
MME AT Equity,MoneyMe Ltd,Consumer Finance,402020,1.700000048,1.440000057,243993600
1MC AT Equity,Morella Corp Ltd,Metals & Mining,151040,0.064000003,--,209037024
MOZ AT Equity,Mosaic Brands Ltd,Specialty Retail,255040,0.564999998,0.5,48331464
MGX AT Equity,Mount Gibson Iron Ltd,Metals & Mining,151040,0.785000026,0.725000024,859789952
MYR AT Equity,Myer Holdings Ltd,Multiline Retail,255030,0.230000004,0.209999993,172468544
MYS AT Equity,MyState Ltd,Thrifts & Mortgage Finance,401020,3.930000067,3.599999905,331310560
NAN AT Equity,Nanosonics Ltd,Health Care Equipment & Supplies,351010,6.059999943,5.679999828,1708691072
NAB AT Equity,National Australia Bank Ltd,Banks,401010,17.93000031,17.75,58399158272
NSR AT Equity,National Storage REIT,Equity Real Estate Investment Trusts (REITs),601010,1.899999976,1.815000057,1847110784
NGI AT Equity,Navigator Global Investments Ltd,Capital Markets,402030,1.710000038,1.524999976,247275536
NEA AT Equity,Nearmap Ltd,Software,451030,3.079999924,2.369999886,1138107008
NET AT Equity,NetLinkz Ltd,Software,451030,0.07,0.067000002,144625600
NWL AT Equity,Netwealth Group Ltd,Capital Markets,402030,14,15.18000031,3608210176
NEU AT Equity,Neuren Pharmaceuticals Ltd,Pharmaceuticals,352020,1.269999981,1.105000019,129956960
NCZ AT Equity,New Century Resources Ltd,Metals & Mining,151040,0.189999998,0.144999996,141896816
1900599D AT Equity,New Energy Solar Ltd,Independent Power and Renewable Electricity Producers,551050,0.829999983,0.805000007,285992288
NHC AT Equity,New Hope Corp Ltd,"Oil, Gas & Consumable Fuels",101020,1.190000057,1.284999967,1069578880
NCM AT Equity,Newcrest Mining Ltd,Metals & Mining,151040,31.95999908,31.23999977,25509226496
NWS AT Equity,News Corp,Media,502010,20.39999962,19.07999992,11413772288
NXS AT Equity,Next Science Ltd,Health Care Equipment & Supplies,351010,1.320000052,1.254999995,236207744
NXT AT Equity,NEXTDC Ltd,IT Services,451020,12.19999981,12.27999973,5607844864
NHF AT Equity,nib holdings Ltd/Australia,Insurance,403010,4.610000134,4.079999924,1863823616
NCK AT Equity,Nick Scali Ltd,Specialty Retail,255040,8.75,8.520000458,690120000
NIC AT Equity,Nickel Industries Ltd,Metals & Mining,151040,0.680000007,0.675000012,1436467200
NEC AT Equity,Nine Entertainment Co Holdings Ltd,Media,502010,1.659999967,1.745000005,2975911168
NTO AT Equity,Nitro Software Ltd,Software,451030,2.25999999,2.75999999,525373952
NST AT Equity,Northern Star Resources Ltd,Metals & Mining,151040,13.64999962,13.64000034,10106724352
NOU AT Equity,Noumi Ltd,Food Products,302020,4.210000038,--,--
NWH AT Equity,NRW Holdings Ltd,Construction & Engineering,201030,2.200000048,2.029999971,866171328
NUF AT Equity,Nufarm Ltd/Australia,Chemicals,151010,4.03000021,3.849999905,1461824640
OCL AT Equity,Objective Corp Ltd,Software,451030,12.01000023,12.51000023,1170690432
OGC AT Equity,OceanaGold Corp,Metals & Mining,151040,3.25,2.359999895,1468961664
OFX AT Equity,OFX Group Ltd,Diversified Financial Services,402010,1.13499999,1.100000024,273605920
OSH AT Equity,Oil Search Ltd,"Oil, Gas & Consumable Fuels",101020,3.269999981,2.640000105,5485525504
OMH AT Equity,OM Holdings Ltd,Metals & Mining,151040,0.335000008,0.314999998,232666352
OBL AT Equity,Omni Bridgeway Ltd,Diversified Financial Services,402010,4.460000038,3.930000067,998456512
OML AT Equity,oOh!media Ltd,Media,502010,1.029999971,1.210000038,716063808
OPT AT Equity,Opthea Ltd,Biotechnology,352010,2.609999895,2.839999914,764408064
ORI AT Equity,Orica Ltd,Chemicals,151010,17.37999916,15.43000031,6262710272
ORG AT Equity,Origin Energy Ltd,Electric Utilities,551010,5.599999905,4.300000191,7573207552
ORA AT Equity,Orora Ltd,Containers & Packaging,151030,2.24000001,2.400000095,2316870912
OTW AT Equity,Over the Wire Holdings Ltd,IT Services,451020,4.289999962,4.260000229,220031376
OZL AT Equity,OZ Minerals Ltd,Metals & Mining,151040,14.61999989,14.01000023,4549016064
PAC AT Equity,Pacific Current Group Ltd,Capital Markets,402030,6.099999905,5.860000134,291291712
PSQ AT Equity,Pacific Smiles Group Ltd,Health Care Providers & Services,351020,1.850000024,1.779999971,273257664
PGH AT Equity,Pact Group Holdings Ltd,Containers & Packaging,151030,2.450000048,2.279999971,784305408
PCK AT Equity,Painchek Ltd,Health Care Technology,351030,0.094999999,0.089000002,100285624
PDN AT Equity,Paladin Energy Ltd,"Oil, Gas & Consumable Fuels",101020,0.165000007,0.125,253486384
PNR AT Equity,Pantoro Ltd,Metals & Mining,151040,0.245000005,0.209999993,295763616
PAR AT Equity,Paradigm Biopharmaceuticals Ltd,Biotechnology,352010,2.849999905,2.650000095,604391296
PPC AT Equity,Peet Ltd,Real Estate Management & Development,601020,1.024999976,1.230000019,594459584
PDL AT Equity,Pendal Group Ltd,Capital Markets,402030,5.789999962,5.460000038,1762500992
PCG AT Equity,Pengana Capital Group Ltd,Capital Markets,402030,1.139999986,1.320000052,135994736
PPE AT Equity,PeopleIN Ltd,Professional Services,202020,2.799999952,3.089999914,280573184
PRN AT Equity,Perenti Ltd,Metals & Mining,151040,1.205000043,1.144999981,803631680
PPT AT Equity,Perpetual Ltd,Capital Markets,402030,31,27.96999931,1580556800
PRU AT Equity,Perseus Mining Ltd,Metals & Mining,151040,1.445000052,1.36500001,1673017472
PET AT Equity,Phoslock Environmental Technologies Ltd,Commercial Services & Supplies,202010,0.300000012,0.245000005,153125120
PLS AT Equity,Pilbara Minerals Ltd,Metals & Mining,151040,0.344999999,0.324999988,723811392
PNI AT Equity,Pinnacle Investment Management Group Ltd,Capital Markets,402030,5.380000114,5.070000172,949265536
PTM AT Equity,Platinum Asset Management Ltd,Capital Markets,402030,3.710000038,3.069999933,1801104256
PBH AT Equity,PointsBet Holdings Ltd,"Hotels, Restaurants & Leisure",253010,12.11754799,10.56000042,2023867520
PNV AT Equity,PolyNovo Ltd,Health Care Equipment & Supplies,351010,2.210000038,2.210000038,1461004544
PPK AT Equity,PPK Group Ltd,Chemicals,151010,4.25,3.950000048,339199296
PPS AT Equity,Praemium Ltd,Software,451030,0.495000005,0.529999971,216600656
PMV AT Equity,Premier Investments Ltd,Specialty Retail,255040,18.92000008,20.55999947,3263374336
PWG AT Equity,Primewest Group Ltd,Equity Real Estate Investment Trusts (REITs),601010,1.090000033,1.11500001,389286176
PME AT Equity,Pro Medicus Ltd,Health Care Technology,351030,25.95000076,27.06999969,2821007360
PBP AT Equity,Probiotec Ltd,Pharmaceuticals,352020,1.850000024,1.779999971,133106392
PFP AT Equity,Propel Funeral Partners Ltd,Diversified Consumer Services,253020,2.779999971,2.859999895,282383328
PGL AT Equity,Prospa Group Ltd,Consumer Finance,402020,0.75999999,0.699999988,113295304
PSI AT Equity,PSC Insurance Group Ltd,Insurance,403010,2.900000095,2.819999933,810822080
PFT AT Equity,Pure Foods Tasmania Ltd,Food Products,302020,0.620000005,1.25999999,61765716
PPH AT Equity,Pushpay Holdings Ltd,IT Services,451020,7.949999809,8.180000305,2254838016
PWH AT Equity,PWR Holdings Ltd,Auto Components,251010,4.900000095,4.75,475853920
PYC AT Equity,PYC Therapeutics Ltd,Biotechnology,352010,0.119999997,0.165000007,483710368
QAN AT Equity,Qantas Airways Ltd,Airlines,203020,3.940000057,4.050000191,7638480896
QIP AT Equity,QANTM Intellectual Property Ltd,Professional Services,202020,1.095000029,1,134298560
QBE AT Equity,QBE Insurance Group Ltd,Insurance,403010,10.60999966,8.609999657,12664138752
QUB AT Equity,Qube Holdings Ltd,Transportation Infrastructure,203050,2.74000001,2.50999999,4731347456
RMS AT Equity,Ramelius Resources Ltd,Metals & Mining,151040,2.079999924,2.069999933,1674260992
RHC AT Equity,Ramsay Health Care Ltd,Health Care Providers & Services,351020,65.05999756,66.08000183,15124503552
REA AT Equity,REA Group Ltd,Interactive Media & Services,502030,114.1699982,109.9700012,14484665344
RDY AT Equity,ReadyTech Holdings Ltd,Software,451030,1.825000048,1.940000057,155210416
RED AT Equity,Red 5 Ltd,Metals & Mining,151040,0.305000007,0.300000012,591174272
RBL AT Equity,Redbubble Ltd,Internet & Direct Marketing Retail,255020,3.910000086,4.139999866,1123856640
RDC AT Equity,Redcape Hotel Group Pty Ltd,"Hotels, Restaurants & Leisure",253010,0.785000026,0.899999976,496975680
REH AT Equity,Reece Ltd,Trading Companies & Distributors,201070,12.19999981,12.94999981,8365495296
RPL AT Equity,Regal Partners Ltd,Capital Markets,402030,7.909999847,6.190000057,431939200
RGN AT Equity,Region RE Ltd,Metals & Mining,151040,--,--,--
REG AT Equity,Regis Healthcare Ltd,Health Care Providers & Services,351020,1.210000038,1.039999962,312811808
RRL AT Equity,Regis Resources Ltd,Metals & Mining,151040,5.28000021,5.010000229,2555992064
TRS AT Equity,Reject Shop Ltd/The,Multiline Retail,255030,6.920000076,6.440000057,246501440
RWC AT Equity,Reliance Worldwide Corp Ltd,Building Products,201020,3.819999933,3.819999933,3018161920
RAP AT Equity,Resapp Health Ltd,Health Care Technology,351030,0.119999997,0.104999997,79602544
RMC AT Equity,Resimac Group Ltd,Thrifts & Mortgage Finance,401020,1.340000033,1.450000048,591253056
RMD AT Equity,ResMed Inc,Health Care Equipment & Supplies,351010,24.36000061,23.88999939,34616766464
RSG AT Equity,Resolute Mining Ltd,Metals & Mining,151040,1.105000019,0.930000007,1026620224
RFG AT Equity,Retail Food Group Ltd,"Hotels, Restaurants & Leisure",253010,0.067000002,0.083999999,178088000
RHP AT Equity,Rhipe Ltd,IT Services,451020,2,1.919999957,309374656
SGLLV AT Equity,Ricegrowers Ltd,Food Products,302020,5.320000172,5.519999981,335562752
RIC AT Equity,Ridley Corp Ltd,Food Products,302020,0.795000017,0.814999998,258706720
RIO AT Equity,Rio Tinto Ltd,Metals & Mining,151040,98,94.31999969,1.39511E+11
RUL AT Equity,RPMGlobal Holdings Ltd,Software,451030,1.144999981,1.125,257145200
RFF AT Equity,Rural Funds Group,Equity Real Estate Investment Trusts (REITs),601010,2.220000029,2.309999943,781605824
SO4 AT Equity,Salt Lake Potash Ltd,Chemicals,151010,0.5,0.5,292031840
SFR AT Equity,Sandfire Resources Ltd,Metals & Mining,151040,4.670000076,4.079999924,727265408
STO AT Equity,Santos Ltd,"Oil, Gas & Consumable Fuels",101020,5.670000076,4.880000114,10165362688
SAR AT Equity,Saracen Mineral Holdings Ltd,Metals & Mining,151040,5.21999979,5.170000076,5726437376
SCG AT Equity,Scentre Group,Equity Real Estate Investment Trusts (REITs),601010,2.25999999,2.200000048,11418831872
SFC AT Equity,Schaffer Corp Ltd,Auto Components,251010,16.25,15.25,207633712
SFG AT Equity,Seafarms Group Ltd,Food Products,302020,0.092,0.125,302808000
SEK AT Equity,SEEK Ltd,Interactive Media & Services,502030,20.67000008,21.29000092,7516012544
SHV AT Equity,Select Harvests Ltd,Food Products,302020,5.449999809,5.570000172,538268160
SXY AT Equity,Senex Energy Ltd,"Oil, Gas & Consumable Fuels",101020,0.300000012,0.319999993,467203200
SRV AT Equity,Servcorp Ltd,Real Estate Management & Development,601020,2.579999924,2.430000067,235267472
SSM AT Equity,Service Stream Ltd,Construction & Engineering,201030,1.919999957,2.049999952,837837824
SVW AT Equity,Seven Group Holdings Ltd,Trading Companies & Distributors,201070,19.07999992,17.92000008,6081289216
SWM AT Equity,Seven West Media Ltd,Media,502010,0.109999999,0.109999999,169183776
SZL AT Equity,Sezzle Inc,IT Services,451020,10.27000046,6.920000076,1350834688
SGF AT Equity,SG Fleet Group Ltd,Commercial Services & Supplies,202010,1.809999943,1.539999962,403726240
SHJ AT Equity,Shine Justice Ltd,Diversified Consumer Services,253020,0.800000012,0.824999988,142940992
SIG AT Equity,Sigma Healthcare Ltd,Health Care Providers & Services,351020,0.680000007,0.589999974,625020288
SLR AT Equity,Silver Lake Resources Ltd,Metals & Mining,151040,2.170000076,2.309999943,2035592832
SGM AT Equity,Sims Ltd,Metals & Mining,151040,8.100000381,7.579999924,1526352640
SKC AT Equity,SKYCITY Entertainment Group Ltd,"Hotels, Restaurants & Leisure",253010,2.269999981,2.75,2090564352
SIQ AT Equity,SmartGroup Corp Ltd,Professional Services,202020,5.96999979,5.71999979,759734400
SOM AT Equity,SomnoMed Ltd,Health Care Equipment & Supplies,351010,1.590000033,2.279999971,188691232
SHL AT Equity,Sonic Healthcare Ltd,Health Care Providers & Services,351020,32.04999924,33.15999985,15831481344
S32 AT Equity,South32 Ltd,Metals & Mining,151040,2.099999905,2.039999962,9886386176
SXL AT Equity,Southern Cross Media Group Ltd,Media,502010,0.159999996,0.150000006,396315840
SKI AT Equity,Spark Infrastructure Group,Electric Utilities,551010,2.230000019,2.049999952,3562991360
SPK AT Equity,Spark New Zealand Ltd,Diversified Telecommunication Services,501010,4.420000076,4.309999943,7921497088
SPT AT Equity,Splitit Ltd,IT Services,451020,1.860000014,1.36500001,597476928
SRG AT Equity,SRG Global Ltd,Construction & Engineering,201030,0.314999998,0.289999992,129280960
SSR AT Equity,SSR Mining Inc,Metals & Mining,151040,--,26.25,5749476864
SBM AT Equity,St Barbara Ltd,Metals & Mining,151040,3.450000048,2.980000019,2101964416
SGR AT Equity,Star Entertainment Grp Ltd/The,"Hotels, Restaurants & Leisure",253010,2.950000048,3.059999943,2913163520
SPL AT Equity,Starpharma Holdings Ltd,Pharmaceuticals,352020,1.514999986,1.5,559126464
SVY AT Equity,Stavely Minerals Ltd,Metals & Mining,151040,0.545000017,0.545000017,142223984
SDF AT Equity,Steadfast Group Ltd,Insurance,403010,3.589999914,3.200000048,2779123200
SST AT Equity,Steamships Trading Co Ltd,Industrial Conglomerates,201050,9.600000381,9.600000381,297679104
SGP AT Equity,Stockland,Equity Real Estate Investment Trusts (REITs),601010,3.960000038,3.779999971,9015029760
STX AT Equity,Strike Energy Ltd,"Oil, Gas & Consumable Fuels",101020,0.239999995,0.25999999,447307232
SUN AT Equity,Suncorp Group Ltd,Insurance,403010,9.300000191,8.449999809,10813045760
SDG AT Equity,Sunland Group Ltd,Real Estate Management & Development,601020,1.5,1.330000043,182089648
SRL AT Equity,Sunrise Energy Metals Ltd,Metals & Mining,151040,0.185000002,0.284999996,212741152
SUL AT Equity,Super Retail Group Ltd,Specialty Retail,255040,10.69999981,10.52000046,2375489536
SLC AT Equity,Superloop Ltd,Diversified Telecommunication Services,501010,1.125,0.944999993,345743776
SNL AT Equity,Supply Network Ltd,Distributors,255010,4.510000229,4.809999943,196410080
SYD AT Equity,Sydney Airport,Transportation Infrastructure,203050,5.71999979,5.860000134,15814383616
SYM AT Equity,Symbio Holdings Ltd,Software,451030,5.099999905,4.599999905,387832640
SM1 AT Equity,Synlait Milk Ltd,Food Products,302020,5.679999828,5.179999828,928809792
SYR AT Equity,Syrah Resources Ltd,Metals & Mining,151040,0.375,0.455000013,188760528
TAH AT Equity,Tabcorp Holdings Ltd,"Hotels, Restaurants & Leisure",253010,3.619999886,3.339999914,7405245440
TGR AT Equity,Tassal Group Ltd,Food Products,302020,3.650000095,3.470000029,726244416
TNE AT Equity,Technology One Ltd,Software,451030,8.079999924,7.940000057,2535205888
TLX AT Equity,Telix Pharmaceuticals Ltd,Biotechnology,352010,1.649999976,1.659999967,421547776
2200359D AT Equity,Telstra Corp Ltd,Diversified Telecommunication Services,501010,2.890000105,2.779999971,33063368704
TPW AT Equity,Temple & Webster Group Ltd,Internet & Direct Marketing Retail,255020,9.68999958,12.32999992,1485184640
X64 AT Equity,Ten Sixty Four Ltd,Metals & Mining,151040,0.939999998,0.829999983,172469264
TER AT Equity,Terracom Ltd,"Oil, Gas & Consumable Fuels",101020,0.140000001,0.140000001,105505072
TPG AT Equity,TPG Telecom Ltd,Diversified Telecommunication Services,501010,8.229999542,7.300000191,13573193728
TCL AT Equity,Transurban Group,Transportation Infrastructure,203050,13.46000004,14.10999966,38608117760
TWE AT Equity,Treasury Wine Estates Ltd,Beverages,302010,9.25,8.93999958,6446190080
TBR AT Equity,Tribune Resources Ltd,Metals & Mining,151040,7.920000076,7.130000114,374097376
TUA AT Equity,Tuas Ltd,Diversified Telecommunication Services,501010,0.5,0.535000026,248191328
TYR AT Equity,Tyro Payments Ltd,IT Services,451020,3.630000114,3.559999943,1782778240
URW AT Equity,Unibail-Rodamco-Westfield,Equity Real Estate Investment Trusts (REITs),601010,3.309999943,2.420000076,6702063616
UMG AT Equity,United Malt Grp Ltd,Food Products,302020,3.920000076,4.119999886,1232617984
UOS AT Equity,United Overseas Australia Ltd,Real Estate Management & Development,601020,0.675000012,0.720000029,1069234432
UWL AT Equity,Uniti Group Ltd,Diversified Telecommunication Services,501010,1.409999967,1.429999948,748438528
URF AT Equity,US Masters Residential Property Fund,Equity Real Estate Investment Trusts (REITs),601010,0.239999995,0.200000003,77042248
VCX AT Equity,Vicinity Ltd,Equity Real Estate Investment Trusts (REITs),601010,1.445000052,1.375,6259378688
VRL AT Equity,Village Roadshow Ltd,Entertainment,502020,2.119999886,2.170000076,423802272
VUK AT Equity,Virgin Money UK PLC,Banks,401010,1.725000024,1.294999957,1862140160
VRT AT Equity,Virtus Health Ltd,Health Care Providers & Services,351020,3.5,3.859999895,310305152
VTG AT Equity,Vita Group Ltd,Specialty Retail,255040,1.13499999,1.019999981,167949936
VTH AT Equity,Vitalharvest Freehold Trust,Equity Real Estate Investment Trusts (REITs),601010,0.774999976,0.774999976,143375008
VEA AT Equity,Viva Energy Group Ltd,"Oil, Gas & Consumable Fuels",101020,1.679999948,1.600000024,3095017984
VVA AT Equity,Viva Leisure Ltd,"Hotels, Restaurants & Leisure",253010,2.809999943,2.359999895,168766880
VOC AT Equity,Vocus Group Ltd,Diversified Telecommunication Services,501010,3.329999924,3.559999943,2211524096
VHT AT Equity,Volpara Health Technologies Ltd,Health Care Technology,351030,1.379999995,1.304999948,327318912
WGN AT Equity,Wagners Holding Co Ltd,Construction Materials,151020,1.139999986,1.195000052,223700272
WGO AT Equity,Warrego Energy Ltd,"Oil, Gas & Consumable Fuels",101020,0.224999994,0.245000005,203740560
SOL AT Equity,Washington H Soul Pattinson & Co Ltd,"Oil, Gas & Consumable Fuels",101020,20.93000031,23.51000023,5628184064
WPR AT Equity,Waypoint REIT Ltd,Equity Real Estate Investment Trusts (REITs),601010,2.670000076,2.710000038,2127409792
WEB AT Equity,Webjet Ltd,"Hotels, Restaurants & Leisure",253010,3.720000029,3.890000105,1318719872
WES AT Equity,Wesfarmers Ltd,Multiline Retail,255030,47.52000046,44.41999817,50365181952
WAF AT Equity,West African Resources Ltd,Metals & Mining,151040,0.949999988,1.070000052,937432128
WSA AT Equity,Western Areas Ltd,Metals & Mining,151040,2.220000029,2.049999952,563250944
WGX AT Equity,Westgold Resources Ltd,Metals & Mining,151040,2.130000114,2.359999895,991743424
WBC AT Equity,Westpac Banking Corp,Banks,401010,17.54000092,16.84000015,60820774912
WSP AT Equity,Whispir Ltd,Software,451030,4.320000172,3.50999999,365807488
WHC AT Equity,Whitehaven Coal Ltd,"Oil, Gas & Consumable Fuels",101020,0.930000007,1.044999957,1072217920
WTC AT Equity,WiseTech Global Ltd,Software,451030,28.18000031,25.79000092,8349513216
WZR AT Equity,Wisr Ltd,Consumer Finance,402020,0.219999999,0.189999998,207941760
WDS AT Equity,Woodside Energy Group Ltd,"Oil, Gas & Consumable Fuels",101020,19.57999992,17.57999992,16915930112
WOW AT Equity,Woolworths Group Ltd,Food & Staples Retailing,301010,39.86999893,36.43000031,46014545920
WOR AT Equity,Worley Ltd,Energy Equipment & Services,101010,9.619999886,9.550000191,4980107776
WOT AT Equity,Wotso Property,Equity Real Estate Investment Trusts (REITs),601010,1.399999976,1.429999948,212377952
WPP AT Equity,WPP AUNZ Ltd,Media,502010,0.319999993,0.349999994,298253152
XRO AT Equity,Xero Ltd,Software,451030,100.9700012,100.75,14390460416
YAL AT Equity,Yancoal Australia Ltd,"Oil, Gas & Consumable Fuels",101020,2.00999999,1.985000014,2621072384
ZEL AT Equity,Z Energy Ltd,"Oil, Gas & Consumable Fuels",101020,2.450000048,2.50999999,1305543808
ZIM AT Equity,Zimplats Holdings Ltd,Metals & Mining,151040,10.5,8.989999771,967662464
ZIP AT Equity,Zip Co Ltd,Consumer Finance,402020,9.159999847,6.170000076,3141636864
ZNO AT Equity,Zoono Group Ltd,Chemicals,151010,2.24000001,1.710000038,279777728
